{"Medalh\u00f5es": {"dono": "836984603507425370", "membros": ["836984603507425370"], "lider": "836984603507425370", "nivel": 1, "guild_fund": 0, "meta": 200, "total_arrecadado": 0, "fundo_garantia": 137, "in_battle": false, "current_battle": null, "mascote": {"nome": "Medalh\u00f5es", "emoji": "\ud83d\udc09", "descricao": "Sem descri\u00e7\u00e3o", "base_ataque_min": 3, "base_ataque_max": 6, "base_vida": 455, "base_defesa": 1.0, "ataque": {"level": 1, "xp": 0}, "defesa": {"level": 1, "xp": 0}, "vida": {"level": 1, "xp": 0}, "seguidores": [], "nivel": 1, "xp_total": 0}, "doacoes": {}, "contribuicoes": {}}}