{
    "ALLwater": {
        "base": 300,
        "current": 171.94,
        "owner": null,
        "volatility": 0.15
    },
    "DeltaSoftware": {
        "base": 500,
        "current": 194.15,
        "owner": null,
        "volatility": 0.25
    },
    "MaxEnergy": {
        "base": 400,
        "current": 1914.66,
        "owner": null,
        "volatility": 0.2
    },
    "Petrosil": {
        "base": 350,
        "current": 100.91,
        "owner": "836984603507425370",
        "volatility": 0.3,
        "available": true
    },
    "Heisenberg&SparkleAIR": {
        "base": 450,
        "current": 170.27,
        "owner": null,
        "volatility": 0.18
    }
}