{"Associa\u00e7\u00e3o_Discord_BR": {"nivel": 2, "membros": ["1100852957865586698"], "missoes_completas": 2, "guild_fund": 0, "meta": 400, "total_arrecadado": 200.0, "doacoes": {"1100852957865586698": 200.0}, "fundo_garantia": 200, "lider": "1100852957865586698", "in_battle": false, "current_battle": "battle_1739919608_8674", "contribuicoes": {"1100852957865586698": 250.0}, "mascote": {"nivel": 1, "xp_total": 0, "nome": "Curuj\u00e3o", "emoji": "\ud83e\udd89", "vida": {"level": 1, "xp": 0}, "defesa": {"level": 1, "xp": 0}, "ataque": {"level": 1, "xp": 0}, "seguidores": ["836984603507425370"], "base_vida": 439, "base_ataque_min": 3, "base_ataque_max": 8, "base_defesa": 0.01}}, "Medalh\u00f5es": {"nivel": 5, "membros": ["836984603507425370"], "guild_fund": 100.0, "meta": 1000, "total_arrecadado": 2540.0, "doacoes": {"836984603507425370": 2535.0}, "fundo_garantia": 71, "lider": "836984603507425370", "in_battle": false, "current_battle": "battle_1739919608_8674", "contribuicoes": {"836984603507425370": 3200.0}, "mascote": {"vida": {"level": 1, "xp": 0}, "defesa": {"level": 1, "xp": 0}, "ataque": {"level": 1, "xp": 200.0}, "seguidores": ["836984603507425370"], "base_vida": 426, "base_ataque_min": 4, "base_ataque_max": 8, "base_defesa": 0.01, "nivel": 1, "xp_total": 0, "descricao": "Um gigante que voltou das cinzas!", "emoji": "\ud83c\udde8\ud83c\uddf3", "nome": "C\u00e9sar Augusto"}}, "RAA": {"nivel": 1, "membros": ["691448598034120734", "823716776977236000"], "guild_fund": 63.0, "meta": 200, "total_arrecadado": 63.0, "doacoes": {"1100852957865586698": 51.0, "691448598034120734": 2.0}, "fundo_garantia": 200, "lider": "691448598034120734", "in_battle": false, "current_battle": null, "contribuicoes": {}, "mascote": {"nivel": 1, "xp_total": 0, "base_defesa": 0.01}}, "[Exotics]": {"nivel": 1, "membros": ["879528914127585300"], "guild_fund": 35.0, "meta": 200, "total_arrecadado": 35.0, "fundo_garantia": 200, "doacoes": {"879528914127585300": 35.0}, "lider": "879528914127585300", "in_battle": false, "current_battle": "battle_1739837359_5177", "contribuicoes": {"879528914127585300": 900.0}, "mascote": {"nivel": 1, "xp_total": 0, "vida": {"level": 1, "xp": 0}, "defesa": {"level": 1, "xp": 0}, "ataque": {"level": 1, "xp": 100.0}, "seguidores": ["879528914127585300"], "base_vida": 451, "base_ataque_min": 2, "base_ataque_max": 8, "base_defesa": 0.01, "nome": "young"}}, "Dragons": {"nivel": 1, "membros": [], "lider": "836984603507425370", "guild_fund": 0, "meta": 200, "total_arrecadado": 0, "fundo_garantia": 200, "in_battle": false, "current_battle": null, "doacoes": {}, "contribuicoes": {}, "mascote": {"nivel": 1, "xp_total": 0, "base_defesa": 0.01}}}